{
  "font": "extended",
  "glyphs": [
    {
      "code_point": 32,
      "char": " ",
      "width": 2,
      "height": 26
    },
    {
      "code_point": 33,
      "char": "!",
      "width": 1,
      "height": 26
    },
    {
      "code_point": 34,
      "char": "\"",
      "width": 2,
      "height": 26
    },
    {
      "code_point": 35,
      "char": "#",
      "width": 6,
      "height": 26
    },
    {
      "code_point": 36,
      "char": "$",
      "width": 5,
      "height": 26
    },
    {
      "code_point": 37,
      "char": "%",
      "width": 6,
      "height": 26
    },
    {
      "code_point": 38,
      "char": "&",
      "width": 7,
      "height": 26
    },
    {
      "code_point": 39,
      "char": "'",
      "width": 1,
      "height": 26
    },
    {
      "code_point": 40,
      "char": "(",
      "width": 2,
      "height": 26
    },
    {
      "code_point": 41,
      "char": ")",
      "width": 2,
      "height": 26
    },
    {
      "code_point": 42,
      "char": "*",
      "width": 3,
      "height": 26
    },
    {
      "code_point": 43,
      "char": "+",
      "width": 4,
      "height": 26
    },
    {
      "code_point": 44,
      "char": ",",
      "width": 1,
      "height": 26
    },
    {
      "code_point": 45,
      "char": "-",
      "width": 4,
      "height": 26
    },
    {
      "code_point": 46,
      "char": ".",
      "width": 1,
      "height": 26
    },
    {
      "code_point": 47,
      "char": "/",
      "width": 3,
      "height": 26
    },
    {
      "code_point": 48,
      "char": "0",
      "width": 5,
      "height": 26
    },
    {
      "code_point": 49,
      "char": "1",
      "width": 3,
      "height": 26
    },
    {
      "code_point": 50,
      "char": "2",
      "width": 5,
      "height": 26
    },
    {
      "code_point": 51,
      "char": "3",
      "width": 5,
      "height": 26
    },
    {
      "code_point": 52,
      "char": "4",
      "width": 5,
      "height": 26
    },
    {
      "code_point": 53,
      "char": "5",
      "width": 5,
      "height": 26
    },
    {
      "code_point": 54,
      "char": "6",
      "width": 5,
      "height": 26
    },
    {
      "code_point": 55,
      "char": "7",
      "width": 5,
      "height": 26
    },
    {
      "code_point": 56,
      "char": "8",
      "width": 5,
      "height": 26
    },
    {
      "code_point": 57,
      "char": "9",
      "width": 5,
      "height": 26
    },
    {
      "code_point": 58,
      "char": ":",
      "width": 1,
      "height": 26
    },
    {
      "code_point": 59,
      "char": ";",
      "width": 1,
      "height": 26
    },
    {
      "code_point": 60,
      "char": "<",
      "width": 4,
      "height": 26
    },
    {
      "code_point": 61,
      "char": "=",
      "width": 4,
      "height": 26
    },
    {
      "code_point": 62,
      "char": ">",
      "width": 4,
      "height": 26
    },
    {
      "code_point": 63,
      "char": "?",
      "width": 5,
      "height": 26
    },
    {
      "code_point": 64,
      "char": "@",
      "width": 7,
      "height": 26
    },
    {
      "code_point": 65,
      "char": "A",
      "width": 6,
      "height": 26
    },
    {
      "code_point": 66,
      "char": "B",
      "width": 5,
      "height": 26
    },
    {
      "code_point": 67,
      "char": "C",
      "width": 5,
      "height": 26
    },
    {
      "code_point": 68,
      "char": "D",
      "width": 5,
      "height": 26
    },
    {
      "code_point": 69,
      "char": "E",
      "width": 4,
      "height": 26
    },
    {
      "code_point": 70,
      "char": "F",
      "width": 4,
      "height": 26
    },
    {
      "code_point": 71,
      "char": "G",
      "width": 5,
      "height": 26
    },
    {
      "code_point": 72,
      "char": "H",
      "width": 5,
      "height": 26
    },
    {
      "code_point": 73,
      "char": "I",
      "width": 2,
      "height": 26
    },
    {
      "code_point": 74,
      "char": "J",
      "width": 3,
      "height": 26
    },
    {
      "code_point": 75,
      "char": "K",
      "width": 5,
      "height": 26
    },
    {
      "code_point": 76,
      "char": "L",
      "width": 4,
      "height": 26
    },
    {
      "code_point": 77,
      "char": "M",
      "width": 7,
      "height": 26
    },
    {
      "code_point": 78,
      "char": "N",
      "width": 5,
      "height": 26
    },
    {
      "code_point": 79,
      "char": "O",
      "width": 5,
      "height": 26
    },
    {
      "code_point": 80,
      "char": "P",
      "width": 5,
      "height": 26
    },
    {
      "code_point": 81,
      "char": "Q",
      "width": 5,
      "height": 26
    },
    {
      "code_point": 82,
      "char": "R",
      "width": 5,
      "height": 26
    },
    {
      "code_point": 83,
      "char": "S",
      "width": 5,
      "height": 26
    },
    {
      "code_point": 84,
      "char": "T",
      "width": 5,
      "height": 26
    },
    {
      "code_point": 85,
      "char": "U",
      "width": 5,
      "height": 26
    },
    {
      "code_point": 86,
      "char": "V",
      "width": 6,
      "height": 26
    },
    {
      "code_point": 87,
      "char": "W",
      "width": 7,
      "height": 26
    },
    {
      "code_point": 88,
      "char": "X",
      "width": 6,
      "height": 26
    },
    {
      "code_point": 89,
      "char": "Y",
      "width": 6,
      "height": 26
    },
    {
      "code_point": 90,
      "char": "Z",
      "width": 5,
      "height": 26
    },
    {
      "code_point": 91,
      "char": "[",
      "width": 2,
      "height": 26
    },
    {
      "code_point": 92,
      "char": "\\",
      "width": 3,
      "height": 26
    },
    {
      "code_point": 93,
      "char": "]",
      "width": 2,
      "height": 26
    },
    {
      "code_point": 94,
      "char": "^",
      "width": 4,
      "height": 26
    },
    {
      "code_point": 95,
      "char": "_",
      "width": 3,
      "height": 26
    },
    {
      "code_point": 96,
      "char": "`",
      "width": 2,
      "height": 26
    },
    {
      "code_point": 97,
      "char": "a",
      "width": 5,
      "height": 26
    },
    {
      "code_point": 98,
      "char": "b",
      "width": 4,
      "height": 26
    },
    {
      "code_point": 99,
      "char": "c",
      "width": 4,
      "height": 26
    },
    {
      "code_point": 100,
      "char": "d",
      "width": 4,
      "height": 26
    },
    {
      "code_point": 101,
      "char": "e",
      "width": 4,
      "height": 26
    },
    {
      "code_point": 102,
      "char": "f",
      "width": 4,
      "height": 26
    },
    {
      "code_point": 103,
      "char": "g",
      "width": 4,
      "height": 26
    },
    {
      "code_point": 104,
      "char": "h",
      "width": 4,
      "height": 26
    },
    {
      "code_point": 105,
      "char": "i",
      "width": 1,
      "height": 26
    },
    {
      "code_point": 106,
      "char": "j",
      "width": 2,
      "height": 26
    },
    {
      "code_point": 107,
      "char": "k",
      "width": 4,
      "height": 26
    },
    {
      "code_point": 108,
      "char": "l",
      "width": 1,
      "height": 26
    },
    {
      "code_point": 109,
      "char": "m",
      "width": 7,
      "height": 26
    },
    {
      "code_point": 110,
      "char": "n",
      "width": 4,
      "height": 26
    },
    {
      "code_point": 111,
      "char": "o",
      "width": 4,
      "height": 26
    },
    {
      "code_point": 112,
      "char": "p",
      "width": 4,
      "height": 26
    },
    {
      "code_point": 113,
      "char": "q",
      "width": 4,
      "height": 26
    },
    {
      "code_point": 114,
      "char": "r",
      "width": 3,
      "height": 26
    },
    {
      "code_point": 115,
      "char": "s",
      "width": 4,
      "height": 26
    },
    {
      "code_point": 116,
      "char": "t",
      "width": 3,
      "height": 26
    },
    {
      "code_point": 117,
      "char": "u",
      "width": 5,
      "height": 26
    },
    {
      "code_point": 118,
      "char": "v",
      "width": 5,
      "height": 26
    },
    {
      "code_point": 119,
      "char": "w",
      "width": 7,
      "height": 26
    },
    {
      "code_point": 120,
      "char": "x",
      "width": 5,
      "height": 26
    },
    {
      "code_point": 121,
      "char": "y",
      "width": 5,
      "height": 26
    },
    {
      "code_point": 122,
      "char": "z",
      "width": 4,
      "height": 26
    },
    {
      "code_point": 123,
      "char": "{",
      "width": 3,
      "height": 26
    },
    {
      "code_point": 124,
      "char": "|",
      "width": 1,
      "height": 26
    },
    {
      "code_point": 125,
      "char": "}",
      "width": 3,
      "height": 26
    },
    {
      "code_point": 126,
      "char": "~",
      "width": 7,
      "height": 26
    },
    {
      "code_point": 192,
      "char": "\u00c0",
      "width": 6,
      "height": 26
    },
    {
      "code_point": 194,
      "char": "\u00c2",
      "width": 6,
      "height": 26
    },
    {
      "code_point": 199,
      "char": "\u00c7",
      "width": 5,
      "height": 26
    },
    {
      "code_point": 200,
      "char": "\u00c8",
      "width": 4,
      "height": 26
    },
    {
      "code_point": 201,
      "char": "\u00c9",
      "width": 4,
      "height": 26
    },
    {
      "code_point": 202,
      "char": "\u00ca",
      "width": 4,
      "height": 26
    },
    {
      "code_point": 203,
      "char": "\u00cb",
      "width": 4,
      "height": 26
    },
    {
      "code_point": 206,
      "char": "\u00ce",
      "width": 3,
      "height": 26
    },
    {
      "code_point": 207,
      "char": "\u00cf",
      "width": 3,
      "height": 26
    },
    {
      "code_point": 212,
      "char": "\u00d4",
      "width": 5,
      "height": 26
    },
    {
      "code_point": 217,
      "char": "\u00d9",
      "width": 5,
      "height": 26
    },
    {
      "code_point": 219,
      "char": "\u00db",
      "width": 5,
      "height": 26
    },
    {
      "code_point": 220,
      "char": "\u00dc",
      "width": 5,
      "height": 26
    },
    {
      "code_point": 224,
      "char": "\u00e0",
      "width": 5,
      "height": 26
    },
    {
      "code_point": 231,
      "char": "\u00e7",
      "width": 4,
      "height": 26
    },
    {
      "code_point": 232,
      "char": "\u00e8",
      "width": 4,
      "height": 26
    },
    {
      "code_point": 233,
      "char": "\u00e9",
      "width": 4,
      "height": 26
    },
    {
      "code_point": 234,
      "char": "\u00ea",
      "width": 4,
      "height": 26
    },
    {
      "code_point": 235,
      "char": "\u00eb",
      "width": 4,
      "height": 26
    },
    {
      "code_point": 238,
      "char": "\u00ee",
      "width": 3,
      "height": 26
    },
    {
      "code_point": 239,
      "char": "\u00ef",
      "width": 3,
      "height": 26
    },
    {
      "code_point": 244,
      "char": "\u00f4",
      "width": 4,
      "height": 26
    },
    {
      "code_point": 249,
      "char": "\u00f9",
      "width": 5,
      "height": 26
    },
    {
      "code_point": 251,
      "char": "\u00fb",
      "width": 5,
      "height": 26
    },
    {
      "code_point": 252,
      "char": "\u00fc",
      "width": 5,
      "height": 26
    },
    {
      "code_point": 255,
      "char": "\u00ff",
      "width": 5,
      "height": 26
    },
    {
      "code_point": 376,
      "char": "\u0178",
      "width": 6,
      "height": 26
    },
    {
      "code_point": 196,
      "char": "\u00c4",
      "width": 6,
      "height": 26
    },
    {
      "code_point": 228,
      "char": "\u00e4",
      "width": 5,
      "height": 26
    },
    {
      "code_point": 214,
      "char": "\u00d6",
      "width": 5,
      "height": 26
    },
    {
      "code_point": 246,
      "char": "\u00f6",
      "width": 4,
      "height": 26
    },
    {
      "code_point": 223,
      "char": "\u00df",
      "width": 4,
      "height": 26
    },
    {
      "code_point": 7838,
      "char": "\u1e9e",
      "width": 5,
      "height": 26
    },
    {
      "code_point": 226,
      "char": "\u00e2",
      "width": 5,
      "height": 26
    },
    {
      "code_point": 193,
      "char": "\u00c1",
      "width": 6,
      "height": 26
    },
    {
      "code_point": 225,
      "char": "\u00e1",
      "width": 5,
      "height": 26
    },
    {
      "code_point": 205,
      "char": "\u00cd",
      "width": 2,
      "height": 26
    },
    {
      "code_point": 237,
      "char": "\u00ed",
      "width": 2,
      "height": 26
    },
    {
      "code_point": 209,
      "char": "\u00d1",
      "width": 5,
      "height": 26
    },
    {
      "code_point": 241,
      "char": "\u00f1",
      "width": 4,
      "height": 26
    },
    {
      "code_point": 250,
      "char": "\u00fa",
      "width": 5,
      "height": 26
    },
    {
      "code_point": 211,
      "char": "\u00d3",
      "width": 5,
      "height": 26
    },
    {
      "code_point": 243,
      "char": "\u00f3",
      "width": 4,
      "height": 26
    },
    {
      "code_point": 218,
      "char": "\u00da",
      "width": 5,
      "height": 26
    },
    {
      "code_point": 46,
      "char": ".",
      "width": 1,
      "height": 26
    },
    {
      "code_point": 44,
      "char": ",",
      "width": 1,
      "height": 26
    },
    {
      "code_point": 58,
      "char": ":",
      "width": 1,
      "height": 26
    },
    {
      "code_point": 59,
      "char": ";",
      "width": 1,
      "height": 26
    },
    {
      "code_point": 8230,
      "char": "\u2026",
      "width": 4,
      "height": 26
    },
    {
      "code_point": 33,
      "char": "!",
      "width": 1,
      "height": 26
    },
    {
      "code_point": 63,
      "char": "?",
      "width": 5,
      "height": 26
    },
    {
      "code_point": 183,
      "char": "\u00b7",
      "width": 1,
      "height": 26
    },
    {
      "code_point": 8226,
      "char": "\u2022",
      "width": 3,
      "height": 26
    },
    {
      "code_point": 42,
      "char": "*",
      "width": 3,
      "height": 26
    },
    {
      "code_point": 35,
      "char": "#",
      "width": 6,
      "height": 26
    },
    {
      "code_point": 47,
      "char": "/",
      "width": 3,
      "height": 26
    },
    {
      "code_point": 92,
      "char": "\\",
      "width": 3,
      "height": 26
    },
    {
      "code_point": 45,
      "char": "-",
      "width": 4,
      "height": 26
    },
    {
      "code_point": 8211,
      "char": "\u2013",
      "width": 6,
      "height": 26
    },
    {
      "code_point": 8212,
      "char": "\u2014",
      "width": 6,
      "height": 26
    },
    {
      "code_point": 95,
      "char": "_",
      "width": 3,
      "height": 26
    },
    {
      "code_point": 40,
      "char": "(",
      "width": 2,
      "height": 26
    },
    {
      "code_point": 41,
      "char": ")",
      "width": 2,
      "height": 26
    },
    {
      "code_point": 123,
      "char": "{",
      "width": 3,
      "height": 26
    },
    {
      "code_point": 125,
      "char": "}",
      "width": 3,
      "height": 26
    },
    {
      "code_point": 91,
      "char": "[",
      "width": 2,
      "height": 26
    },
    {
      "code_point": 93,
      "char": "]",
      "width": 2,
      "height": 26
    },
    {
      "code_point": 8220,
      "char": "\u201c",
      "width": 3,
      "height": 26
    },
    {
      "code_point": 8221,
      "char": "\u201d",
      "width": 3,
      "height": 26
    },
    {
      "code_point": 8216,
      "char": "\u2018",
      "width": 1,
      "height": 26
    },
    {
      "code_point": 8217,
      "char": "\u2019",
      "width": 1,
      "height": 26
    },
    {
      "code_point": 8249,
      "char": "\u2039",
      "width": 3,
      "height": 26
    },
    {
      "code_point": 8250,
      "char": "\u203a",
      "width": 3,
      "height": 26
    },
    {
      "code_point": 34,
      "char": "\"",
      "width": 2,
      "height": 26
    },
    {
      "code_point": 39,
      "char": "'",
      "width": 1,
      "height": 26
    },
    {
      "code_point": 64,
      "char": "@",
      "width": 7,
      "height": 26
    },
    {
      "code_point": 38,
      "char": "&",
      "width": 7,
      "height": 26
    },
    {
      "code_point": 124,
      "char": "|",
      "width": 1,
      "height": 26
    },
    {
      "code_point": 43,
      "char": "+",
      "width": 4,
      "height": 26
    },
    {
      "code_point": 61,
      "char": "=",
      "width": 4,
      "height": 26
    },
    {
      "code_point": 62,
      "char": ">",
      "width": 4,
      "height": 26
    },
    {
      "code_point": 60,
      "char": "<",
      "width": 4,
      "height": 26
    },
    {
      "code_point": 126,
      "char": "~",
      "width": 7,
      "height": 26
    },
    {
      "code_point": 94,
      "char": "^",
      "width": 4,
      "height": 26
    },
    {
      "code_point": 37,
      "char": "%",
      "width": 6,
      "height": 26
    },
    {
      "code_point": 8260,
      "char": "\u2044",
      "width": 4,
      "height": 26
    },
    {
      "code_point": 189,
      "char": "\u00bd",
      "width": 6,
      "height": 26
    },
    {
      "code_point": 188,
      "char": "\u00bc",
      "width": 6,
      "height": 26
    },
    {
      "code_point": 190,
      "char": "\u00be",
      "width": 7,
      "height": 26
    },
    {
      "code_point": 8539,
      "char": "\u215b",
      "width": 6,
      "height": 26
    },
    {
      "code_point": 8540,
      "char": "\u215c",
      "width": 7,
      "height": 26
    },
    {
      "code_point": 8541,
      "char": "\u215d",
      "width": 7,
      "height": 26
    },
    {
      "code_point": 8542,
      "char": "\u215e",
      "width": 6,
      "height": 26
    },
    {
      "code_point": 8320,
      "char": "\u2080",
      "width": 3,
      "height": 26
    },
    {
      "code_point": 8321,
      "char": "\u2081",
      "width": 2,
      "height": 26
    },
    {
      "code_point": 8322,
      "char": "\u2082",
      "width": 3,
      "height": 26
    },
    {
      "code_point": 8323,
      "char": "\u2083",
      "width": 3,
      "height": 26
    },
    {
      "code_point": 8324,
      "char": "\u2084",
      "width": 3,
      "height": 26
    },
    {
      "code_point": 8325,
      "char": "\u2085",
      "width": 3,
      "height": 26
    },
    {
      "code_point": 8326,
      "char": "\u2086",
      "width": 3,
      "height": 26
    },
    {
      "code_point": 8327,
      "char": "\u2087",
      "width": 3,
      "height": 26
    },
    {
      "code_point": 8328,
      "char": "\u2088",
      "width": 3,
      "height": 26
    },
    {
      "code_point": 8329,
      "char": "\u2089",
      "width": 3,
      "height": 26
    },
    {
      "code_point": 8304,
      "char": "\u2070",
      "width": 3,
      "height": 26
    },
    {
      "code_point": 8305,
      "char": "\u2071",
      "width": 6,
      "height": 26
    },
    {
      "code_point": 8306,
      "char": "\u2072",
      "width": 6,
      "height": 26
    },
    {
      "code_point": 8307,
      "char": "\u2073",
      "width": 6,
      "height": 26
    },
    {
      "code_point": 8308,
      "char": "\u2074",
      "width": 3,
      "height": 26
    },
    {
      "code_point": 8309,
      "char": "\u2075",
      "width": 3,
      "height": 26
    },
    {
      "code_point": 8310,
      "char": "\u2076",
      "width": 3,
      "height": 26
    },
    {
      "code_point": 8311,
      "char": "\u2077",
      "width": 3,
      "height": 26
    },
    {
      "code_point": 8312,
      "char": "\u2078",
      "width": 3,
      "height": 26
    },
    {
      "code_point": 8313,
      "char": "\u2079",
      "width": 3,
      "height": 26
    },
    {
      "code_point": 191,
      "char": "\u00bf",
      "width": 5,
      "height": 26
    },
    {
      "code_point": 8218,
      "char": "\u201a",
      "width": 1,
      "height": 26
    },
    {
      "code_point": 8222,
      "char": "\u201e",
      "width": 3,
      "height": 26
    },
    {
      "code_point": 171,
      "char": "\u00ab",
      "width": 5,
      "height": 26
    },
    {
      "code_point": 187,
      "char": "\u00bb",
      "width": 5,
      "height": 26
    },
    {
      "code_point": 3647,
      "char": "\u0e3f",
      "width": 5,
      "height": 26
    },
    {
      "code_point": 182,
      "char": "\u00b6",
      "width": 7,
      "height": 26
    },
    {
      "code_point": 167,
      "char": "\u00a7",
      "width": 5,
      "height": 26
    },
    {
      "code_point": 169,
      "char": "\u00a9",
      "width": 8,
      "height": 26
    },
    {
      "code_point": 174,
      "char": "\u00ae",
      "width": 5,
      "height": 26
    },
    {
      "code_point": 8482,
      "char": "\u2122",
      "width": 6,
      "height": 26
    },
    {
      "code_point": 176,
      "char": "\u00b0",
      "width": 2,
      "height": 26
    },
    {
      "code_point": 166,
      "char": "\u00a6",
      "width": 1,
      "height": 26
    },
    {
      "code_point": 8224,
      "char": "\u2020",
      "width": 5,
      "height": 26
    },
    {
      "code_point": 8225,
      "char": "\u2021",
      "width": 5,
      "height": 26
    },
    {
      "code_point": 8364,
      "char": "\u20ac",
      "width": 7,
      "height": 26
    },
    {
      "code_point": 8383,
      "char": "\u20bf",
      "width": 5,
      "height": 26
    },
    {
      "code_point": 162,
      "char": "\u00a2",
      "width": 5,
      "height": 26
    },
    {
      "code_point": 36,
      "char": "$",
      "width": 5,
      "height": 26
    },
    {
      "code_point": 163,
      "char": "\u00a3",
      "width": 6,
      "height": 26
    },
    {
      "code_point": 165,
      "char": "\u00a5",
      "width": 5,
      "height": 26
    },
    {
      "code_point": 8722,
      "char": "\u2212",
      "width": 4,
      "height": 26
    },
    {
      "code_point": 215,
      "char": "\u00d7",
      "width": 4,
      "height": 26
    },
    {
      "code_point": 247,
      "char": "\u00f7",
      "width": 4,
      "height": 26
    },
    {
      "code_point": 8800,
      "char": "\u2260",
      "width": 4,
      "height": 26
    },
    {
      "code_point": 8805,
      "char": "\u2265",
      "width": 4,
      "height": 26
    },
    {
      "code_point": 8804,
      "char": "\u2264",
      "width": 4,
      "height": 26
    },
    {
      "code_point": 177,
      "char": "\u00b1",
      "width": 4,
      "height": 26
    },
    {
      "code_point": 8776,
      "char": "\u2248",
      "width": 5,
      "height": 26
    },
    {
      "code_point": 172,
      "char": "\u00ac",
      "width": 5,
      "height": 26
    },
    {
      "code_point": 8734,
      "char": "\u221e",
      "width": 8,
      "height": 26
    },
    {
      "code_point": 8747,
      "char": "\u222b",
      "width": 5,
      "height": 26
    },
    {
      "code_point": 8719,
      "char": "\u220f",
      "width": 5,
      "height": 26
    },
    {
      "code_point": 8721,
      "char": "\u2211",
      "width": 5,
      "height": 26
    },
    {
      "code_point": 8730,
      "char": "\u221a",
      "width": 5,
      "height": 26
    },
    {
      "code_point": 8706,
      "char": "\u2202",
      "width": 5,
      "height": 26
    },
    {
      "code_point": 8240,
      "char": "\u2030",
      "width": 7,
      "height": 26
    },
    {
      "code_point": 8593,
      "char": "\u2191",
      "width": 6,
      "height": 26
    },
    {
      "code_point": 8599,
      "char": "\u2197",
      "width": 6,
      "height": 26
    },
    {
      "code_point": 8594,
      "char": "\u2192",
      "width": 7,
      "height": 26
    },
    {
      "code_point": 8600,
      "char": "\u2198",
      "width": 6,
      "height": 26
    },
    {
      "code_point": 8595,
      "char": "\u2193",
      "width": 6,
      "height": 26
    },
    {
      "code_point": 8601,
      "char": "\u2199",
      "width": 6,
      "height": 26
    },
    {
      "code_point": 8592,
      "char": "\u2190",
      "width": 7,
      "height": 26
    },
    {
      "code_point": 8598,
      "char": "\u2196",
      "width": 6,
      "height": 26
    },
    {
      "code_point": 8596,
      "char": "\u2194",
      "width": 8,
      "height": 26
    },
    {
      "code_point": 8597,
      "char": "\u2195",
      "width": 6,
      "height": 26
    },
    {
      "code_point": 9676,
      "char": "\u25cc",
      "width": 9,
      "height": 26
    },
    {
      "code_point": 9674,
      "char": "\u25ca",
      "width": 5,
      "height": 26
    },
    {
      "code_point": 168,
      "char": "\u00a8",
      "width": 3,
      "height": 26
    },
    {
      "code_point": 729,
      "char": "\u02d9",
      "width": 1,
      "height": 26
    },
    {
      "code_point": 96,
      "char": "`",
      "width": 2,
      "height": 26
    },
    {
      "code_point": 180,
      "char": "\u00b4",
      "width": 2,
      "height": 26
    },
    {
      "code_point": 733,
      "char": "\u02dd",
      "width": 4,
      "height": 26
    },
    {
      "code_point": 710,
      "char": "\u02c6",
      "width": 3,
      "height": 26
    },
    {
      "code_point": 711,
      "char": "\u02c7",
      "width": 3,
      "height": 26
    },
    {
      "code_point": 728,
      "char": "\u02d8",
      "width": 4,
      "height": 26
    },
    {
      "code_point": 730,
      "char": "\u02da",
      "width": 2,
      "height": 26
    },
    {
      "code_point": 732,
      "char": "\u02dc",
      "width": 3,
      "height": 26
    },
    {
      "code_point": 175,
      "char": "\u00af",
      "width": 3,
      "height": 26
    },
    {
      "code_point": 184,
      "char": "\u00b8",
      "width": 2,
      "height": 26
    },
    {
      "code_point": 731,
      "char": "\u02db",
      "width": 2,
      "height": 26
    },
    {
      "code_point": 306,
      "char": "\u0132",
      "width": 4,
      "height": 26
    },
    {
      "code_point": 307,
      "char": "\u0133",
      "width": 2,
      "height": 26
    },
    {
      "code_point": 352,
      "char": "\u0160",
      "width": 5,
      "height": 26
    },
    {
      "code_point": 353,
      "char": "\u0161",
      "width": 4,
      "height": 26
    },
    {
      "code_point": 381,
      "char": "\u017d",
      "width": 5,
      "height": 26
    },
    {
      "code_point": 382,
      "char": "\u017e",
      "width": 4,
      "height": 26
    },
    {
      "code_point": 195,
      "char": "\u00c3",
      "width": 6,
      "height": 26
    },
    {
      "code_point": 197,
      "char": "\u00c5",
      "width": 6,
      "height": 26
    },
    {
      "code_point": 198,
      "char": "\u00c6",
      "width": 8,
      "height": 26
    },
    {
      "code_point": 204,
      "char": "\u00cc",
      "width": 2,
      "height": 26
    },
    {
      "code_point": 208,
      "char": "\u00d0",
      "width": 5,
      "height": 26
    },
    {
      "code_point": 210,
      "char": "\u00d2",
      "width": 5,
      "height": 26
    },
    {
      "code_point": 213,
      "char": "\u00d5",
      "width": 5,
      "height": 26
    },
    {
      "code_point": 216,
      "char": "\u00d8",
      "width": 6,
      "height": 26
    },
    {
      "code_point": 221,
      "char": "\u00dd",
      "width": 6,
      "height": 26
    },
    {
      "code_point": 222,
      "char": "\u00de",
      "width": 5,
      "height": 26
    },
    {
      "code_point": 227,
      "char": "\u00e3",
      "width": 5,
      "height": 26
    },
    {
      "code_point": 229,
      "char": "\u00e5",
      "width": 5,
      "height": 26
    },
    {
      "code_point": 230,
      "char": "\u00e6",
      "width": 8,
      "height": 26
    },
    {
      "code_point": 236,
      "char": "\u00ec",
      "width": 2,
      "height": 26
    },
    {
      "code_point": 240,
      "char": "\u00f0",
      "width": 5,
      "height": 26
    },
    {
      "code_point": 242,
      "char": "\u00f2",
      "width": 4,
      "height": 26
    },
    {
      "code_point": 245,
      "char": "\u00f5",
      "width": 4,
      "height": 26
    },
    {
      "code_point": 248,
      "char": "\u00f8",
      "width": 5,
      "height": 26
    },
    {
      "code_point": 253,
      "char": "\u00fd",
      "width": 5,
      "height": 26
    },
    {
      "code_point": 254,
      "char": "\u00fe",
      "width": 4,
      "height": 26
    }
  ]
}